"species";"count";"mean_bill_length";"mean_flipper_length";"mean_body_mass"
"Adelie";146;38.8239726027397;190.102739726027;3706.16438356164
"Chinstrap";68;48.8338235294118;195.823529411765;3733.08823529412
"Gentoo";119;47.5680672268908;217.235294117647;5092.43697478992
